codigo_dpa,nombre_provincia,nombre_canton,nombre_parroquia
2570,AZUAY,CUENCA,MULTI / NULTI
2550,AZUAY,NABON,NIEVES
1455,AZUAY,PAUTE,GUARAINAC
4560,AZUAY,SAN FERNANDO,CHUMBIN
1130,AZUAY,CAMILO PONCE ENRIQUEZ,EL CARMEN DE PIJILI
750,AZUAY,SIGSIG,CUTCHIL
1355,AZUAY,SIGSIG,GIMA
935,CAÑAR,CAÑAR,CHONTAMARCA
950,CAÑAR,CAÑAR,CHOROCOPTE
1335,CAÑAR,CAÑAR,GRAL. MORALES / SOCARTE
1410,CAÑAR,CAÑAR,GUALLETURO
1605,CAÑAR,CAÑAR,HONORATO VASQUEZ
1725,CAÑAR,CAÑAR,INGAPIRCA
1900,CAÑAR,CAÑAR,JUNCAL
3305,CAÑAR,CAÑAR,SAN ANTONIO
4345,CAÑAR,CAÑAR,ZHUD
1775,CAÑAR,CAÑAR,VENTURA
1895,CAÑAR,CAÑAR,DUCUR
2620,COTOPAXI,LATACUNGA,11 DE NOVIEMBRE
4035,COTOPAXI,LATACUNGA,TOACAZO
2965,COTOPAXI,LA MANA,PUCAYACO
2760,COTOPAXI,SALCEDO,PANZALEO
960,COTOPAXI,SIGCHOS,CHUGCHILAN
740,EL ORO,PORTOVELO,CURTINCAPAC
2105,GUAYAS,DAULE,LAS LOJAS
1350,GUAYAS,SALITRE,GRAL. VERNAZA
1340,GUAYAS,YAGUACHI,GRAL. PEDRO MONTERO
4275,GUAYAS,YAGUACHI,YAGUACHI VIEJO / CONE
1915,GUAYAS,YAGUACHI,VIRGEN DE FATIMA
660,GUAYAS,SIMON BOLIVAR,CRNEL. LORENZO GARAICOA
4475,LOJA,LOJA,CHANTACO
975,LOJA,LOJA,CHUQUIRIBAMBA
1135,LOJA,LOJA,EL CISNE
1405,LOJA,LOJA,GUALEL
1840,LOJA,LOJA,JIMBILLA
2325,LOJA,LOJA,MALACATOS / VALLADOLID
3555,LOJA,LOJA,SAN LUCAS
4540,LOJA,LOJA,SAN PEDRO DE VILCABAMBA
3770,LOJA,LOJA,SANTIAGO
3970,LOJA,LOJA,TAQUIL / MIGUEL RIOFRIO
4235,LOJA,LOJA,VILCABAMBA / VICTORIA
4280,LOJA,LOJA,YANGANA / ARSENIO CASTILLO
1780,LOJA,LOJA,QUINARA
590,LOJA,CALVAS,COLAIZACA
3535,LOJA,CELICA,SAN JUAN DE POZUL
1495,LOJA,CELICA,TNTE M. RODRIGUEZ LOAYZA
825,LOJA,GONZANAMA,CHANGAIMNA / LA LIBERTAD
2085,LOJA,MACARA,LA RAMA
3015,LOS RIOS,PUEBLO VIEJO,PUERTO PECHICHE
3510,LOS RIOS,PUEBLO VIEJO,SAN JUAN
3185,MANABI,PORTOVIEJO,RIO CHICO
1600,MANABI,FLAVIO ALFARO,NOVILLO
1570,MANABI,24 DE MAYO,ARQ. SIXTO DURAN BALLEN
1030,MANABI,PEDERNALES,10 DE AGOSTO
1345,MORONA SANTIAGO,MORONA,GRAL. PROAÑO
4360,MORONA SANTIAGO,MORONA,ZUNAC
1205,MORONA SANTIAGO,TAISHA,TUTINENTZA
475,PASTAZA,PASTAZA,CANELOS
1025,PASTAZA,PASTAZA,10 DE AGOSTO
1260,PASTAZA,PASTAZA,FATIMA
2450,PASTAZA,PASTAZA,MONTALVO / ANDOAS
3055,PASTAZA,PASTAZA,POMONA
3180,PASTAZA,PASTAZA,RIO CORRIENTES
3195,PASTAZA,PASTAZA,RIO TIGRE
3785,PASTAZA,PASTAZA,ZARAYACU
4510,PASTAZA,PASTAZA,SIMON BOLIVAR
3985,PASTAZA,PASTAZA,TARQUI
4005,PASTAZA,PASTAZA,TNTE. HUGO ORTIZ
4205,PASTAZA,PASTAZA,VERACRUZ
1275,PASTAZA,PASTAZA,EL TRIUNFO
2830,TUNGURAHUA,AMBATO,PICAYHUA
2860,TUNGURAHUA,AMBATO,PILAHUIN
335,TUNGURAHUA,PELILEO,BENITEZ / PACHANLICA
365,TUNGURAHUA,PELILEO,BOLIVAR
675,TUNGURAHUA,PELILEO,COTALO
900,TUNGURAHUA,PELILEO,CHIQUICHA
1185,TUNGURAHUA,PELILEO,EL ROSARIO / RUMICHACA
1320,TUNGURAHUA,PELILEO,GARCIA MORENO
1630,TUNGURAHUA,PELILEO,HUAMBALO
3905,TUNGURAHUA,PELILEO,SALASACA
295,TUNGURAHUA,PILLARO,BAQUERIZO MORENO
1210,TUNGURAHUA,PILLARO,EMILIO MARIA TERAN
2375,TUNGURAHUA,PILLARO,MARCOS ESPINEL
2945,TUNGURAHUA,PILLARO,PRESIDENTE URBINA
3300,TUNGURAHUA,PILLARO,SAN ANDRES
3485,TUNGURAHUA,PILLARO,SAN JOSE DE POALO
3585,TUNGURAHUA,PILLARO,SAN MIGUELITO
1235,ORELLANA,FCO.DE ORELLANA,DAYUMA
1245,ORELLANA,FCO.DE ORELLANA,TARACOA
1995,ORELLANA,FCO.DE ORELLANA,ALEJANDRO LABAKA
1560,ORELLANA,FCO.DE ORELLANA,EL DORADO
1590,ORELLANA,FCO.DE ORELLANA,EL EDEN
1810,ORELLANA,FCO.DE ORELLANA,GARCIA MORENO
1565,ORELLANA,FCO.DE ORELLANA,INES ARANGO
1820,ORELLANA,FCO.DE ORELLANA,LA BELLEZA
1940,ORELLANA,FCO.DE ORELLANA,NUEVO PARAISO
1945,ORELLANA,FCO.DE ORELLANA,SAN JOSE DE GUAYUSA
1935,ORELLANA,FCO.DE ORELLANA,SAN LUIS DE ARMENIA
510,ORELLANA,AGUARICO,CAP. AUGUSTO RIVADENEIRA
3720,ORELLANA,AGUARICO,STA. MARIA DE HUIRRIMA
0,ISLA,ISLA,ISLA
275,BOLIVAR,SAN MIGUEL,BALZAPAMBA
6630,BOLIVAR,GUARANDA,GUANUJO
5035,BOLIVAR,GUARANDA,ANGEL POLIVIO CHAVEZ
5375,BOLIVAR,GUARANDA,GABRIEL I VEINTIMILLA
5245,BOLIVAR,CHILLANES,CHILLANES
5350,BOLIVAR,ECHEANDIA,ECHEANDIA
6340,BOLIVAR,CALUMA,CALUMA / SAN ANTONIO/
6475,BOLIVAR,LAS NAVES,LAS MERCEDES
6470,BOLIVAR,LAS NAVES,LAS NAVES
6425,CAÑAR,DELEG,DELEG
6845,CAÑAR,AZOGUES,AURELIO BAYAS MARTINEZ
5115,CAÑAR,BIBLIAN,BIBLIAN
5160,CAÑAR,CAÑAR,CAÑAR
5610,CAÑAR,LA TRONCAL,LA TRONCAL
6345,CAÑAR,EL TAMBO,EL TAMBO
6715,CAÑAR,SUSCAL,SUSCAL
5065,CAÑAR,AZOGUES,AZOGUES
6790,CAÑAR,AZOGUES,BORRERO
5010,CHIMBORAZO,ALAUSI,ALAUSI
5475,CHIMBORAZO,CHAMBO,CHAMBO
5255,CHIMBORAZO,CHUNCHI,CHUNCHI
5430,CHIMBORAZO,GUAMOTE,GUAMOTE
6540,CHIMBORAZO,PALLATANGA,PALLATANGA
5740,CHIMBORAZO,PENIPE,PENIPE
6420,CHIMBORAZO,CUMANDA,CUMANDA
5145,CHIMBORAZO,COLTA,CAJABAMBA
6080,CHIMBORAZO,COLTA,SICALPA
5550,CHIMBORAZO,GUANO,LA MATRIZ
5500,COTOPAXI,LATACUNGA,JUAN MONTALVO
5555,COTOPAXI,LATACUNGA,LA MATRIZ
5310,COTOPAXI,LATACUNGA,ELOY ALFARO / SAN FELIPE
5465,COTOPAXI,LATACUNGA,IGNACIO FLORES
6880,COTOPAXI,LA MANA,EL CARMEN
6535,COTOPAXI,LA MANA,LA MANA
6895,COTOPAXI,LA MANA,EL TRIUNFO
5820,COTOPAXI,PUJILI,PUJILI
6070,COTOPAXI,SAQUISILI,SAQUISILI
6450,COTOPAXI,SIGCHOS,SIGCHOS
5045,TUNGURAHUA,AMBATO,ATOCHA FICOA
5605,TUNGURAHUA,AMBATO,LA PENINSULA
5560,TUNGURAHUA,AMBATO,LA MERCED
5545,TUNGURAHUA,AMBATO,LA MATRIZ
5230,TUNGURAHUA,AMBATO,CELIANO MONGE
5840,TUNGURAHUA,AMBATO,PISHILATA
6555,TUNGURAHUA,CEVALLOS,CEVALLOS
6560,TUNGURAHUA,MOCHA,MOCHA
5830,TUNGURAHUA,PATATE,PATATE
5835,TUNGURAHUA,QUERO,QUERO
5900,TUNGURAHUA,PELILEO,PELILEO GRANDE /R. MINO
5780,TUNGURAHUA,PELILEO,PELILEO
5785,TUNGURAHUA,PILLARO,PILLARO
5225,TUNGURAHUA,PILLARO,CIUDAD NUEVA
5515,TUNGURAHUA,TISALEO,TISALEO
5665,MANABI,MONTECRISTI,MONTECRISTI
5755,MANABI,PAJAN,PAJAN
6550,MANABI,PICHINCHA,PICHINCHA /GERMUD
5885,MANABI,ROCAFUERTE,ROCAFUERTE
5580,MANABI,SUCRE,LEONIDAS PLAZA G.
6170,MANABI,TOSAGUA,TOSAGUA
6430,MANABI,PEDERNALES,PEDERNALES
6495,MANABI,OLMEDO,OLMEDO /PUCA
6575,MANABI,PUERTO LOPEZ,PUERTO LOPEZ
6750,MANABI,JAMA,JAMA
6755,MANABI,JARAMIJO,JARAMIJO
6785,MANABI,SAN VICENTE,SAN VICENTE
5845,MANABI,PORTOVIEJO,PICOAZA
6770,MANABI,PORTOVIEJO,18 DE OCTUBRE
5280,MANABI,PORTOVIEJO,12 DE MARZO
5795,MANABI,PORTOVIEJO,PORTOVIEJO
6775,MANABI,PORTOVIEJO,FRANCISCO PACHECO
6910,MANABI,PORTOVIEJO,SIMON BOLIVAR
5030,MANABI,PORTOVIEJO,ANDRES DE VERA
5265,MANABI,PORTOVIEJO,COLON
5250,MANABI,CHONE,CHONE
6055,MANABI,CHONE,SANTA RITA
6195,MANABI,EL CARMEN,4 DE DICIEMBRE
5300,MANABI,EL CARMEN,EL CARMEN
5480,MANABI,FLAVIO ALFARO,FLAVIO ALFARO
7465,MANABI,JIPIJAPA,DR. MIGUEL MORAN LUCIO
7475,MANABI,JIPIJAPA,SAN LORENZO DE JIPIJAPA
7470,MANABI,JIPIJAPA,MANUEL INOCENCIO PARRALES
5485,MANABI,JIPIJAPA,JIPIJAPA
5505,MANABI,JUNIN,JUNIN
5635,MANABI,MANTA,MANTA
6155,MANABI,MANTA,TARQUI
6745,MANABI,MANTA,ELOY ALFARO
5570,MANABI,MANTA,LOS ESTEROS
7500,MANABI,MONTECRISTI,GENERAL ELOY ALFARO DELGA
7495,MANABI,MONTECRISTI,LEONIDAS PROAÑO
7460,MANABI,MONTECRISTI,ANIBAL SAN ANDRES
7490,MANABI,MONTECRISTI,COLORADO
6725,MANABI,SANTA ANA,LODANA
6835,LOS RIOS,BABAHOYO,EL SALTO
6830,LOS RIOS,BABAHOYO,BARREIRO /SANTA RITA
5215,LOS RIOS,BABAHOYO,CLEMENTE BAQUERIZO
5085,LOS RIOS,BABA,BABA
5640,LOS RIOS,MONTALVO,MONTALVO /SABANETA
5800,LOS RIOS,PUEBLO VIEJO,PUEBLO VIEJO
6645,LOS RIOS,QUEVEDO,NICOLAS INFANTE DIAZ
6640,LOS RIOS,QUEVEDO,VENUS DEL RIO QUEVEDO
5855,LOS RIOS,QUEVEDO,QUEVEDO
6660,LOS RIOS,QUEVEDO,VIVA ALFARO
6655,LOS RIOS,QUEVEDO,SIETE DE OCTUBRE
6650,LOS RIOS,QUEVEDO,GUAYACAN
6690,LOS RIOS,QUEVEDO,24 DE MAYO
7480,LOS RIOS,VENTANAS,10 NOVIEMBRE
6235,LOS RIOS,VENTANAS,VENTANAS
6245,LOS RIOS,VINCES,VINCES
6330,LOS RIOS,PALENQUE,PALENQUE
6465,LOS RIOS,BUENA FE,SN JACINTO DE BUENA FE
6685,LOS RIOS,VALENCIA,VALENCIA
6695,LOS RIOS,MOCACHE,MOCACHE
6915,LOS RIOS,QUINSALOMA,QUINSALOMA
5285,LOS RIOS,BABAHOYO,DR. CAMILO PONCE E.
6150,GUAYAS,GUAYAQUIL,TARQUI
6545,GUAYAS,A. BAQUERIZO MORENO,A.BAQUERIZO M /JUJAN
5470,GUAYAS,BALAO,BALAO
5100,GUAYAS,BALZAR,BALZAR
5365,GUAYAS,COLIMES,COLIMES
5345,GUAYAS,EL TRIUNFO,EL TRIUNFO
5660,GUAYAS,MILAGRO,MILAGRO
5675,GUAYAS,NARANJAL,NARANJAL
5705,GUAYAS,NARANJITO,NARANJITO
5725,GUAYAS,PALESTINA,PALESTINA
5735,GUAYAS,PEDRO CARBO,PEDRO CARBO
5925,GUAYAS,SAMBORONDON,SAMBORONDON
6580,GUAYAS,SANTA LUCIA,SANTA LUCIA
5765,GUAYAS,SALITRE,PARAISO
6285,GUAYAS,YAGUACHI,YAGUACHI NUEVO
6255,GUAYAS,PLAYAS,GRAL. VILLAMIL / PLAYAS
6385,GUAYAS,SIMON BOLIVAR,SIMON BOLIVAR
6410,GUAYAS,CRNL MARCELINO MARIDUENAS,CRNL MARCELINO MARIDUENAS
6440,GUAYAS,LOMAS SARGENTILLO,LOMAS SARGENTILLO
6620,GUAYAS,GRAL. A. ELIZALDE,GRAL. ELIZALDE /BUCAY
6710,GUAYAS,ISIDRO AYORA,ISIDRO AYORA
6405,GUAYAS,GUAYAQUIL,PASCUALES
6265,GUAYAS,GUAYAQUIL,XIMENA
5355,GUAYAS,GUAYAQUIL,FEBRES CORDERO
5585,GUAYAS,GUAYAQUIL,LETAMENDI
5380,GUAYAS,GUAYAQUIL,GARCIA MORENO
5055,GUAYAS,GUAYAQUIL,AYACUCHO
5720,GUAYAS,GUAYAQUIL,OLMEDO/SAN ALEJO
5125,GUAYAS,GUAYAQUIL,BOLIVAR/SAGRARIO
5890,GUAYAS,GUAYAQUIL,ROCAFUERTE
5695,GUAYAS,GUAYAQUIL,9 DE OCTUBRE
5880,GUAYAS,GUAYAQUIL,ROCA
5170,GUAYAS,GUAYAQUIL,CARBO/CONCEPCION
6095,GUAYAS,GUAYAQUIL,SUCRE
6185,GUAYAS,GUAYAQUIL,URDANETA
7445,GUAYAS,SAMBORONDON,LA PUNTILLA (SATELITE)
5155,GUAYAS,SALITRE,CANDILEJOS
5990,GUAYAS,SALITRE,SAN MATEO
5120,GUAYAS,SALITRE,BOCANA
7425,GUAYAS,DAULE,MAGRO
5370,AZUAY,CUENCA,YANUNCAY
5135,AZUAY,CUENCA,EL BATAN
6090,AZUAY,CUENCA,SUCRE
5450,AZUAY,CUENCA,HUAYNACAPAC
5875,AZUAY,CUENCA,RAMIREZ DAVALOS
5905,AZUAY,CUENCA,SAGRARIO
5080,AZUAY,CUENCA,CAÑARIBAMBA
5290,AZUAY,CUENCA,MONAY
5360,AZUAY,CUENCA,TOTORACOCHA
5330,AZUAY,CUENCA,EL VECINO
5075,AZUAY,CUENCA,BELLAVISTA
6865,AZUAY,CUENCA,HERMANO MIGUEL
5140,AZUAY,CUENCA,MACHANGARA
5395,AZUAY,GIRON,GIRON
5420,AZUAY,GUALACEO,GUALACEO
6435,AZUAY,CHORDELEG,CHORDELEG
6595,AZUAY,NABON,NABON
5775,AZUAY,PAUTE,PAUTE
6615,AZUAY,GUACHAPALA,GUACHAPALA
6485,AZUAY,EL PAN,EL PAN
6480,AZUAY,SEVILLA DE ORO,SEVILLA DE ORO
5690,AZUAY,PUCARA,PUCARA
6565,AZUAY,SAN FERNANDO,SAN FERNANDO
6045,AZUAY,SANTA ISABEL,SANTA ISABEL
6875,AZUAY,CAMILO PONCE ENRIQUEZ,CAMILO PONCE ENRIQUEZ
6085,AZUAY,SIGSIG,SIGSIG
6360,AZUAY,OÑA,OÑA
5040,EL ORO,ARENILLAS,ARENILLAS
5340,EL ORO,EL GUABO,EL GUABO
5850,EL ORO,PORTOVELO,PORTOVELO
6310,EL ORO,ZARUMA,ZARUMA
6795,EL ORO,MACHALA,EL CAMBIO
6490,EL ORO,MACHALA,9 DE MAYO
5805,EL ORO,MACHALA,PUERTO BOLIVAR
5625,EL ORO,MACHALA,MACHALA
7505,EL ORO,MACHALA,JUBONES
5565,EL ORO,MACHALA,LA PROVIDENCIA
7510,EL ORO,MACHALA,JAMBELI
6950,EL ORO,LAS LAJAS,PLATANILLOS
6900,EL ORO,SANTA ROSA,BALNEARIO JAMBELI
6805,EL ORO,HUAQUILLAS,MILTON REYES
6810,EL ORO,HUAQUILLAS,EL PARAISO
6815,EL ORO,HUAQUILLAS,ECUADOR
6800,EL ORO,HUAQUILLAS,HUALTACO
6820,EL ORO,HUAQUILLAS,UNION LOJANA
6670,EL ORO,SANTA ROSA,PUERTO JELI
6985,EL ORO,SANTA ROSA,JUMON
6060,EL ORO,SANTA ROSA,SANTA ROSA
6990,EL ORO,SANTA ROSA,NUEVO SANTA ROSA
5770,EL ORO,PASAJE,OCHOA LEON/MATRIZ
6370,EL ORO,PASAJE,BOLIVAR
6365,EL ORO,PASAJE,LOMA DE FRANCO
6375,EL ORO,PASAJE,TRES CERRITOS
6590,EL ORO,BALSAS,BALSAS
5715,EL ORO,CHILLA,CHILLA
6570,EL ORO,MARCABELI,MARCABELI
6680,EL ORO,PIÑAS,LA SUSAYA
6675,EL ORO,PIÑAS,PIÑAS GRANDE
5790,EL ORO,PIÑAS,PIÑAS
7525,LOJA,LOJA,CARIGAN
6210,LOJA,LOJA,EL VALLE
6100,LOJA,LOJA,SUCRE
5320,LOJA,LOJA,EL SAGRARIO
7530,LOJA,LOJA,PUNZARA
6015,LOJA,LOJA,SAN SEBASTIAN
5240,LOJA,CALVAS,CHILE
6025,LOJA,CALVAS,SAN VICENTE
5270,LOJA,CATAMAYO,CATAMAYO
5195,LOJA,CELICA,CELICA
6530,LOJA,CHAGUARPAMBA,CHAGUARPAMBA
5400,LOJA,GONZANAMA,GONZANAMA
5385,LOJA,MACARA,GRAL.ELOY ALFARO
5680,LOJA,MACARA,MACARA
5595,LOJA,PALTAS,LOURDES
6075,LOJA,SARAGURO,SARAGURO
6120,LOJA,SOZORANGA,SOZORANGA
6320,LOJA,ZAPOTILLO,ZAPOTILLO
5810,LOJA,PINDAL,PINDAL /FEDERICO PAEZ
6260,LOJA,QUILANGA,QUILANGA /LA PAZ
6730,LOJA,OLMEDO,OLMEDO
7520,STO DGO TSACHILAS,LA CONCORDIA,LA CONCORDIA
5870,STO DGO TSACHILAS,SANTO DOMINGO,RIO TOACHI
5860,STO DGO TSACHILAS,SANTO DOMINGO,BOMBOLI
5730,STO DGO TSACHILAS,SANTO DOMINGO,ABRAHAM CALAZACON
6180,STO DGO TSACHILAS,SANTO DOMINGO,ZARACAY
5865,STO DGO TSACHILAS,SANTO DOMINGO,RIO VERDE
6175,STO DGO TSACHILAS,SANTO DOMINGO,CHIGUILPE
5275,GUAYAS,DAULE,DAULE
6850,GUAYAS,DAULE,LA AURORA
5425,MORONA SANTIAGO,GUALAQUIZA,GUALAQUIZA
5760,MORONA SANTIAGO,PALORA,PALORA
5645,MORONA SANTIAGO,SANTIAGO,MENDEZ
6110,MORONA SANTIAGO,SUCUA,SUCUA
6390,MORONA SANTIAGO,HUAMBOYA,HUAMBOYA
6700,MORONA SANTIAGO,TAISHA,TAISHA
6735,MORONA SANTIAGO,LOGROÑO,LOGROÑO
6870,MORONA SANTIAGO,PABLO SEXTO,PABLO SEXTO
5825,PASTAZA,PASTAZA,PUYO
5650,PASTAZA,MERA,MERA
6395,PASTAZA,SANTA CLARA,SANTA CLARA
6705,PASTAZA,ARAJUNO,ARAJUNO
5815,ORELLANA,FCO. DE ORELLANA,EL COCA
6200,ORELLANA,JOYA DE LOS SACHAS,LA JOYA DE LOS SACHAS
6455,ORELLANA,LORETO,LORETO
5655,MORONA SANTIAGO,GUALAQUIZA,MERCEDES MOLINA
7485,ORELLANA,AGUARICO,TIPUTINI
205,SANTA ELENA,SANTA ELENA,ATAHUALPA
605,SANTA ELENA,SANTA ELENA,COLONCHE
820,SANTA ELENA,SANTA ELENA,CHANDUY
2355,SANTA ELENA,SANTA ELENA,MANGLARALTO
3915,SANTA ELENA,SANTA ELENA,SIMON BOLIVAR
1300,SANTA ELENA,SANTA ELENA,SAN JOSE DE ANCON
5920,SANTA ELENA,SALINAS,SALINAS
5130,SANTA ELENA,SANTA ELENA,BALLENITA
6610,SANTA ELENA,LA LIBERTAD,LA LIBERTAD
6270,SANTA ELENA,SALINAS,GRAL. A. E. GALLO
6275,SANTA ELENA,SALINAS,VICENTE ROCAFUERTE
6925,SANTA ELENA,SALINAS,SANTA ROSA
6280,SANTA ELENA,SALINAS,CARLOS ESPINOZA LARREA
2155,ZAMORA CHINCHIPE,ZAMORA,LA VICTORIA DE IMBANA
985,ZAMORA CHINCHIPE,YANZATZA,CHICANA
2240,ZAMORA CHINCHIPE,YANZATZA,LOS ENCUENTROS
665,ZAMORA CHINCHIPE,EL PANGUI,EL GUISMI
6885,ZAMORA CHINCHIPE,PAQUISHA,PAQUISHA
6355,ZAMORA CHINCHIPE,EL PANGUI,EL PANGUI
6295,ZAMORA CHINCHIPE,YANZATZA,YANZATZA
6305,ZAMORA CHINCHIPE,ZAMORA,ZAMORA
6840,ZAMORA CHINCHIPE,ZAMORA,EL LIMON
6740,ZAMORA CHINCHIPE,PALANDA,PALANDA
30,PICHINCHA,QUITO,ALANGASI
2540,PICHINCHA,QUITO,NAYON
80,PICHINCHA,QUITO,AMAGUAÑA
195,PICHINCHA,QUITO,ATAHUALPA /HABASPAMBA
430,PICHINCHA,QUITO,CALACALI
440,PICHINCHA,QUITO,CALDERON
625,PICHINCHA,QUITO,CONOCOTO
725,PICHINCHA,QUITO,CUMBAYA
855,PICHINCHA,QUITO,CHAVEZPAMBA
865,PICHINCHA,QUITO,CHECA
3100,PICHINCHA,QUITO,QUINCHE
1400,PICHINCHA,QUITO,GUALEA
1440,PICHINCHA,QUITO,GUANGOPOLO
1475,PICHINCHA,QUITO,GUAYLLABAMBA
2055,PICHINCHA,QUITO,LA MERCED
2265,PICHINCHA,QUITO,LLANO CHICO
2275,PICHINCHA,QUITO,LLOA
2525,PICHINCHA,QUITO,NANEGAL
2530,PICHINCHA,QUITO,NANEGALITO
2560,PICHINCHA,QUITO,NONO
2690,PICHINCHA,QUITO,PACTO
2825,PICHINCHA,QUITO,PERUCHO
2855,PICHINCHA,QUITO,PIFO
2895,PICHINCHA,QUITO,PINTAG
2925,PICHINCHA,QUITO,POMASQUI
2980,PICHINCHA,QUITO,PUELLARO
2985,PICHINCHA,QUITO,PUEMBO
3325,PICHINCHA,QUITO,SAN ANTONIO
3475,PICHINCHA,QUITO,SAN JOSE DE MINAS
3925,PICHINCHA,QUITO,TABABELA
4085,PICHINCHA,QUITO,TUMBACO
4290,PICHINCHA,QUITO,YARUQUI
4325,PICHINCHA,QUITO,ZAMBIZA
3735,PICHINCHA,CAYAMBE,STA.ROSA DE CUSUBAMBA
755,PICHINCHA,MEJIA,CUTUGLAGUA
650,PICHINCHA,MEJIA,CORNEJO ASTORGA /TANDAPI
5190,PICHINCHA,CAYAMBE,CAYAMBE
6350,PICHINCHA,SAN MIGUEL DE LOS BANCOS,S. MIGUEL DE LOS BANCOS
6415,PICHINCHA,PEDRO VICENTE MALDONADO,PEDRO VICENTE MALDONADO
6125,PICHINCHA,PUERTO QUITO,PUERTO QUITO
6510,GALAPAGOS,SAN CRISTOBAL,PTO. BAQUERIZO MORENO
7135,PICHINCHA,QUITO,CARCELEN
7160,PICHINCHA,QUITO,EL CONDADO
7145,PICHINCHA,QUITO,COCHAPAMBA
5220,PICHINCHA,QUITO,COTOCOLLAO
7220,PICHINCHA,QUITO,PONCEANO
7150,PICHINCHA,QUITO,COMITE DEL PUEBLO
7185,PICHINCHA,QUITO,KENNEDY
7245,PICHINCHA,QUITO,SAN ISIDRO DEL INCA
7180,PICHINCHA,QUITO,JIPIJAPA
7170,PICHINCHA,QUITO,IÑAQUITO
7215,PICHINCHA,QUITO,MARISCAL SUCRE
7175,PICHINCHA,QUITO,ITCHIMBIA
7195,PICHINCHA,QUITO,LA CONCEPCION
7235,PICHINCHA,QUITO,RUMIPAMBA
7130,PICHINCHA,QUITO,BELISARIO QUEVEDO
7250,PICHINCHA,QUITO,SAN JUAN
5535,PICHINCHA,QUITO,LA LIBERTAD
7140,PICHINCHA,QUITO,CENTRO HISTORICO
7225,PICHINCHA,QUITO,PUENGASI
5015,PICHINCHA,QUITO,CHIMBACALLE
5540,PICHINCHA,QUITO,LA MAGDALENA
7205,PICHINCHA,QUITO,LA FERROVIARIA
7190,PICHINCHA,QUITO,LA ARGELIA
7230,PICHINCHA,QUITO,QUITUMBE
7260,PICHINCHA,QUITO,TURUBAMBA
7165,PICHINCHA,QUITO,GUAMANI
7200,PICHINCHA,QUITO,LA ECUATORIANA
5260,PICHINCHA,QUITO,CHILLOGALLO
7255,PICHINCHA,QUITO,SOLANDA
7210,PICHINCHA,QUITO,LA MENA
7240,PICHINCHA,QUITO,SAN BARTOLO
6600,PICHINCHA,RUMIÑAHUI,SAN RAFAEL
6605,PICHINCHA,RUMIÑAHUI,SAN PEDRO DE TABOADA
7535,PICHINCHA,RUMIÑAHUI,FAJARDO
5495,PICHINCHA,CAYAMBE,JUAN MONTALVO
7155,PICHINCHA,QUITO,CHILIBULO
6780,IMBABURA,IBARRA,LA DOLOROSA DEL PRIORATO
2455,CARCHI,BOLIVAR,MONTEOLIVO
6520,CARCHI,BOLIVAR,BOLIVAR
5405,CARCHI,MONTUFAR,GONZALEZ SUAREZ
5415,CARCHI,TULCAN,GONZALEZ SUAREZ
6250,CARCHI,ESPEJO,27 DE SEPTIEMBRE
6165,CARCHI,TULCAN,TULCAN
3800,IMBABURA,COTACACHI,6 DE JULIO CUELLAJE
425,IMBABURA,URCUQUI,CAHUASQUI
2060,IMBABURA,URCUQUI,LA MERCED DE BUENOS AIRES
2675,IMBABURA,URCUQUI,PABLO ARENAS
3365,IMBABURA,URCUQUI,SAN BLAS
4080,IMBABURA,URCUQUI,TUMBABIRO
6190,IMBABURA,URCUQUI,URCUQUI
5025,IMBABURA,ANTONIO ANTE,ANDRADE MARIN/LOURDES
5165,IMBABURA,IBARRA,CARANQUI
5915,IMBABURA,IBARRA,SAGRARIO
5440,IMBABURA,IBARRA,GUAYAQUIL DE ALPACHACA
5955,IMBABURA,COTACACHI,SAN FRANCISCO
5910,IMBABURA,COTACACHI,SAGRARIO
5490,IMBABURA,OTAVALO,JORDAN
5750,IMBABURA,PIMAMPIRO,PIMAMPIRO
6160,NAPO,TENA,TENA
5510,NAPO,EL CHACO,EL CHACO
5070,NAPO,ARCHIDONA,ARCHIDONA
6760,NAPO,C.J. AROSEMENA TOLA,CARLOS J. AROSEMENA
450,ESMERALDAS,ESMERALDAS,CAMARONES
655,ESMERALDAS,ESMERALDAS,CRNL.CARLOS CONCHA TORRES
895,ESMERALDAS,ESMERALDAS,CHINCA
2320,ESMERALDAS,ESMERALDAS,MAJUA
3570,ESMERALDAS,ESMERALDAS,SAN MATEO
3930,ESMERALDAS,ESMERALDAS,TABIAZO
3940,ESMERALDAS,ESMERALDAS,TACHINA
4240,ESMERALDAS,ESMERALDAS,VUELTA LARGA
930,ESMERALDAS,RIO VERDE,CHONTADURO
965,ESMERALDAS,RIO VERDE,CHUMUNDE
2035,ESMERALDAS,RIO VERDE,LAGARTO
2445,ESMERALDAS,RIO VERDE,MONTALVO / HORQUETA
3215,ESMERALDAS,RIO VERDE,ROCAFUERTE
5335,ESMERALDAS,ESMERALDAS,ESMERALDAS
5670,ESMERALDAS,MUISNE,MUISNE
6380,ESMERALDAS,ATACAMES,ATACAMES
6720,ESMERALDAS,RIO VERDE,RIO VERDE
5210,ESMERALDAS,ESMERALDAS,5 DE AGOSTO
6905,ESMERALDAS,ESMERALDAS,SIMON PLATA TORRES
5600,ESMERALDAS,ESMERALDAS,LUIS TELLO / LAS PALMAS /
5205,ESMERALDAS,ESMERALDAS,BARTOLOME RUIZ
1090,SUCUMBIOS,GONZALO PIZARRO,GONZALO PIZARRO
1170,SUCUMBIOS,SUCUMBIOS,EL PLAYON DE SN. FRANCISCO
2095,SUCUMBIOS,SUCUMBIOS,LA SOFIA
3220,SUCUMBIOS,SUCUMBIOS,ROSA FLORIDA
3690,SUCUMBIOS,SUCUMBIOS,SANTA BARBARA
760,SUCUMBIOS,CUYABENO,CUYABENO
6500,SUCUMBIOS,PUTUMAYO,EL CARMEN DE PUTUMAYO
6140,SUCUMBIOS,SHUSHUFINDI,SHUSHUFINDI CENTRAL
5525,SUCUMBIOS,SUCUMBIOS,LA BONITA
5315,CHIMBORAZO,GUANO,EL ROSARIO
6220,CHIMBORAZO,RIOBAMBA,VELASCO
5630,CHIMBORAZO,RIOBAMBA,MALDONADO
6230,CHIMBORAZO,RIOBAMBA,VELOZ
6290,CHIMBORAZO,RIOBAMBA,YARUQUIES
5590,CHIMBORAZO,RIOBAMBA,LIZARZABURU
7515,GUAYAS,DURAN,DIVINO NIÑO
7455,GUAYAS,DURAN,EL RECREO
5685,CARCHI,MIRA,MIRA
6040,SANTA ELENA,SANTA ELENA,SANTA ELENA
