codigo_dpa,nombre_provincia,nombre_canton,nombre_parroquia
845,AZUAY,CUENCA,CHAUCHA / ANGAS
3460,AZUAY,CUENCA,SAN JOAQUIN
3795,AZUAY,CUENCA,SAYAUSI
175,AZUAY,GIRON,ASUNCION
885,AZUAY,GIRON,SAN GERARDO
1005,AZUAY,GUALACEO,DANIEL CORDOVA TORAL
1805,AZUAY,GUALACEO,JADAN
2385,AZUAY,GUALACEO,MARIANO MORENO / CALLASAY
1175,AZUAY,NABON,EL PROGRESO
395,AZUAY,PAUTE,BULAN / J. VICTOR IZQUIERDO
870,AZUAY,PAUTE,CHICAN /GUILLERMO ORTEGA
1455,AZUAY,PAUTE,GUARAINAC
3375,AZUAY,PAUTE,SAN CRISTOBAL
890,AZUAY,PAUTE,DUG-DUG
1690,AZUAY,PUCARA,SAN RAFAEL DE SHARUG
4560,AZUAY,SAN FERNANDO,CHUMBIN
15,AZUAY,SANTA ISABEL,ABDON CALDERON / LA UNION
1130,AZUAY,CAMILO PONCE ENRIQUEZ,EL CARMEN DE PIJILI
750,AZUAY,SIGSIG,CUTCHIL
1355,AZUAY,SIGSIG,GIMA
1490,AZUAY,SIGSIG,GUEL
2215,AZUAY,SIGSIG,LUDO
3360,AZUAY,SIGSIG,SAN BARTOLOME
3495,AZUAY,SIGSIG,SAN JOSE DE RARANGA
1535,AZUAY,CHORDELEG,LA UNION
1585,AZUAY,CHORDELEG,LUIS GALARZA O. (DELEGSOL)
1575,AZUAY,CHORDELEG,SAN MARTIN DE PUZHIO
1445,CAÑAR,AZOGUES,GUAPAN
1825,CAÑAR,AZOGUES,JAVIER LOYOLA / CHUQUIPATA
2545,CAÑAR,BIBLIAN,NAZON
3410,CAÑAR,BIBLIAN,SAN FCO. DE SAGEO
4100,CAÑAR,BIBLIAN,TURUPAMBA
1085,CAÑAR,BIBLIAN,JERUSALEN
935,CAÑAR,CAÑAR,CHONTAMARCA
950,CAÑAR,CAÑAR,CHOROCOPTE
1335,CAÑAR,CAÑAR,GRAL. MORALES / SOCARTE
1410,CAÑAR,CAÑAR,GUALLETURO
1605,CAÑAR,CAÑAR,HONORATO VASQUEZ
1725,CAÑAR,CAÑAR,INGAPIRCA
1900,CAÑAR,CAÑAR,JUNCAL
2965,COTOPAXI,LA MANA,PUCAYACO
3155,COTOPAXI,PANGUA,RAMON CAMPAÑA
125,COTOPAXI,PUJILI,ANGAMARCA
1430,COTOPAXI,PUJILI,GUANGAJE
2150,COTOPAXI,PUJILI,LA VICTORIA
2865,COTOPAXI,PUJILI,PILALO
4015,COTOPAXI,PUJILI,TINGO
4365,COTOPAXI,PUJILI,ZUMBAHUA
135,COTOPAXI,SALCEDO,ANTONIO J. HOLGUIN
2760,COTOPAXI,SALCEDO,PANZALEO
465,COTOPAXI,SAQUISILI,CANCHAGUA
830,COTOPAXI,SAQUISILI,CHANTILIN
20,CHIMBORAZO,ALAUSI,ACHUPALLAS
1465,CHIMBORAZO,ALAUSI,GUASUNTOS
1660,CHIMBORAZO,ALAUSI,HUIGRA
2485,CHIMBORAZO,ALAUSI,MULTITUD
2905,CHIMBORAZO,ALAUSI,PISTISHI
3025,CHIMBORAZO,ALAUSI,PUMALLACTA
3820,CHIMBORAZO,ALAUSI,SEVILLA
3845,CHIMBORAZO,ALAUSI,SIBAMBE
4030,CHIMBORAZO,ALAUSI,TIXAN
500,CHIMBORAZO,COLTA,CANI
1865,CHIMBORAZO,COLTA,JUAN DE VELASCO / PONGOR
3295,CHIMBORAZO,GUANO,SAN ANDRES
3425,CHIMBORAZO,GUANO,SAN GERARDO / PAQUICAHUAN
3450,CHIMBORAZO,GUANO,SAN ISIDRO DE PATULU
45,CHIMBORAZO,GUANO,SAN JOSE DEL CHAZO
40,CHIMBORAZO,GUANO,SANTA FE DE GALAN
1695,EL ORO,ARENILLAS,CARCABON
1975,EL ORO,BALSAS,BELLAMARIA
740,EL ORO,PORTOVELO,CURTINCAPAC
3275,EL ORO,PORTOVELO,SALATI
1815,EL ORO,SANTA ROSA,JAMBELI
1665,EL ORO,SANTA ROSA,BELLAMARIA
5,EL ORO,ZARUMA,ABANIN
1420,EL ORO,ZARUMA,GUANAZAN
1080,EL ORO,LAS LAJAS,EL PARAISO
1870,GUAYAS,GUAYAQUIL,JUAN GOMEZ RENDON
3030,GUAYAS,GUAYAQUIL,PUNA
4500,GUAYAS,DAULE,EL LAUREL
2105,GUAYAS,DAULE,LAS LOJAS
1470,GUAYAS,EL EMPALME,GUAYAS / PUERTO NUEVO
2390,GUAYAS,MILAGRO,MARISCAL SUCRE / HUAQUES
1830,GUAYAS,NARANJAL,JESUS MARIA
3975,GUAYAS,SAMBORONDON,TARIFA
1350,GUAYAS,SALITRE,GRAL. VERNAZA
4220,GUAYAS,SALITRE,VICTORIA
1340,GUAYAS,YAGUACHI,GRAL. PEDRO MONTERO
4275,GUAYAS,YAGUACHI,YAGUACHI VIEJO / CONE
1915,GUAYAS,YAGUACHI,VIRGEN DE FATIMA
660,GUAYAS,SIMON BOLIVAR,CRNEL. LORENZO GARAICOA
4475,LOJA,LOJA,CHANTACO
975,LOJA,LOJA,CHUQUIRIBAMBA
1135,LOJA,LOJA,EL CISNE
1405,LOJA,LOJA,GUALEL
1840,LOJA,LOJA,JIMBILLA
2325,LOJA,LOJA,MALACATOS / VALLADOLID
3555,LOJA,LOJA,SAN LUCAS
4540,LOJA,LOJA,SAN PEDRO DE VILCABAMBA
3770,LOJA,LOJA,SANTIAGO
3970,LOJA,LOJA,TAQUIL / MIGUEL RIOFRIO
4235,LOJA,LOJA,VILCABAMBA / VICTORIA
4280,LOJA,LOJA,YANGANA / ARSENIO CASTILLO
590,LOJA,CALVAS,COLAIZACA
1550,LOJA,CALVAS,SANGUILLIN
695,LOJA,CELICA,CRUZPAMBA/BUSTAMANTE
3535,LOJA,CELICA,SAN JUAN DE POZUL
1495,LOJA,CELICA,TNTE M. RODRIGUEZ LOAYZA
1845,LOJA,ESPINDOLA,JIMBURA
3765,LOJA,ESPINDOLA,SANTA TERESITA
4460,LOJA,ESPINDOLA,27 DE ABRIL / LA NARANJA
3045,LOJA,GONZANAMA,PURUNUMA / EGUIGUREN
2085,LOJA,MACARA,LA RAMA
2145,LOJA,MACARA,LA VICTORIA
3265,LOJA,MACARA,SABIANGO
485,LOJA,PALTAS,CANGONAMA
1380,LOJA,PALTAS,GUACHANAMA
1155,LOJA,PUYANGO,EL LIMO / MARIANA DE JESUS
2360,LOJA,SARAGURO,MANU
3665,LOJA,SARAGURO,SAN SEBASTIAN DE YULOG
4145,LOJA,SARAGURO,URDANETA / PAQUISHAPA
2575,LOJA,SOZORANGA,NUEVA FATIMA
520,LOS RIOS,BABAHOYO,CARACOL
1265,LOS RIOS,BABAHOYO,FEBRES CORDERO
2875,LOS RIOS,BABAHOYO,PIMOCHA
1525,LOS RIOS,BABAHOYO,LA UNION
1460,LOS RIOS,BABA,GUARE
1740,LOS RIOS,BABA,ISLA DE BEJUCAL
4615,LOS RIOS,MONTALVO,LA ESMERALDA
3015,LOS RIOS,PUEBLO VIEJO,PUERTO PECHICHE
3510,LOS RIOS,PUEBLO VIEJO,SAN JUAN
4425,LOS RIOS,QUEVEDO,SAN CARLOS
4420,LOS RIOS,QUEVEDO,LA ESPERANZA
3175,LOS RIOS,URDANETA,RICAURTE
4330,LOS RIOS,VENTANAS,ZAPOTAL
4590,LOS RIOS,VENTANAS,CHACARITA
4585,LOS RIOS,VENTANAS,LOS ANGELES
140,LOS RIOS,VINCES,ANTONIO SOTOMAYOR
150,LOS RIOS,BUENA FE,PATRICIA PILAR
10,MANABI,PORTOVIEJO,ABDON CALDERON
50,MANABI,PORTOVIEJO,ALHAJUELA / BAJO GRANDE
770,MANABI,PORTOVIEJO,CRUCITA
2970,MANABI,PORTOVIEJO,PUEBLO NUEVO
3185,MANABI,PORTOVIEJO,RIO CHICO
3625,MANABI,PORTOVIEJO,SAN PLACIDO
1925,MANABI,PORTOVIEJO,CHIRIJOS
240,MANABI,BOLIVAR,MEMBRILLO
3170,MANABI,CHONE,RICAURTE
3350,MANABI,CHONE,SAN ANTONIO / DEL PELUDO
1070,MANABI,EL CARMEN,WILFRIDO LOOR MOREIRA
1980,MANABI,EL CARMEN,SAN PEDRO DE SUMA
3632,MANABI,EL CARMEN,SANTA MARIA
3635,MANABI,EL CARMEN,EL PARAISO / LA 14
1600,MANABI,FLAVIO ALFARO,NOVILLO
1620,MANABI,FLAVIO ALFARO,ZAPALLO
105,MANABI,JIPIJAPA,AMERICA / LA CERA
1115,MANABI,JIPIJAPA,EL ANEGADO
1880,MANABI,JIPIJAPA,JULCUY
560,MANABI,JIPIJAPA,LA UNION
4490,MANABI,JIPIJAPA,MEMBRILLAL
2810,MANABI,JIPIJAPA,PEDRO PABLO GOMEZ
2990,MANABI,JIPIJAPA,PUERTO CAYO
3550,MANABI,MANTA,SAN LORENZO
1800,MANABI,MANTA,SANTA MARIANITA
1545,MANABI,MONTECRISTI,LA PILA
460,MANABI,PAJAN,CAMPOZANO
540,MANABI,PAJAN,CASCOL
1395,MANABI,PAJAN,GUALE / STO. DOMINGO
2090,MANABI,PAJAN,LASCANO
1065,MANABI,PICHINCHA,BARRAGANETE
1060,MANABI,PICHINCHA,SAN SEBASTIAN
220,MANABI,SANTA ANA,AYACUCHO
1610,MANABI,SANTA ANA,HONORATO VASQUEZ
2135,MANABI,SANTA ANA,LA UNION
1105,MANABI,SANTA ANA,SAN PABLO
840,MANABI,SUCRE,CHARAPOTO
3445,MANABI,SUCRE,SAN ISIDRO
265,MANABI,TOSAGUA,BACHILLERO
2030,MANABI,TOSAGUA,ANGEL PEDRO GILER
330,MANABI,24 DE MAYO,BELLAVISTA
2555,MANABI,24 DE MAYO,NOBOA
1570,MANABI,24 DE MAYO,ARQ. SIXTO DURAN BALLEN
580,MANABI,PEDERNALES,COJIMIES
1030,MANABI,PEDERNALES,10 DE AGOSTO
785,MANABI,PEDERNALES,ATAHUALPA
2305,MANABI,PUERTO LOPEZ,MACHALILLA
1920,MANABI,PUERTO LOPEZ,SALANGO
470,MANABI,SAN VICENTE,CANOA
65,MORONA SANTIAGO,MORONA,ALSHI / 9 DE OCTUBRE
1345,MORONA SANTIAGO,MORONA,GRAL. PROAÑO
4485,MORONA SANTIAGO,MORONA,SINAI
4360,MORONA SANTIAGO,MORONA,ZUNAC
1730,MORONA SANTIAGO,MORONA,RIO BLANCO
350,MORONA SANTIAGO,GUALAQUIZA,BOMBOIZA
880,MORONA SANTIAGO,GUALAQUIZA,CHIGUINDA
3225,MORONA SANTIAGO,GUALAQUIZA,ROSARIO
1720,MORONA SANTIAGO,LIMON INDANZA,INDANZA
3320,MORONA SANTIAGO,LIMON INDANZA,SAN ANTONIO
4305,MORONA SANTIAGO,LIMON INDANZA,YUNGANZA 7 EL ROSARIO
715,MORONA SANTIAGO,PALORA,CUMANDA
3565,MORONA SANTIAGO,SANTIAGO,SAN LUIS DEL ACHO
1365,MORONA SANTIAGO,SANTIAGO,SAN FCO. DE CHINIMBIMI
180,MORONA SANTIAGO,SUCUA,ASUNCION
1635,MORONA SANTIAGO,SUCUA,HUAMBI
1140,MORONA SANTIAGO,SUCUA,SANTA MARIANITA DE JESUS
1205,MORONA SANTIAGO,TAISHA,TUTINENTZA
1295,MORONA SANTIAGO,TIWINTZA,SAN JOSE DE MORONA
475,PASTAZA,PASTAZA,CANELOS
1025,PASTAZA,PASTAZA,10 DE AGOSTO
1260,PASTAZA,PASTAZA,FATIMA
2450,PASTAZA,PASTAZA,MONTALVO / ANDOAS
3055,PASTAZA,PASTAZA,POMONA
3180,PASTAZA,PASTAZA,RIO CORRIENTES
3195,PASTAZA,PASTAZA,RIO TIGRE
3785,PASTAZA,PASTAZA,ZARAYACU
4510,PASTAZA,PASTAZA,SIMON BOLIVAR
3985,PASTAZA,PASTAZA,TARQUI
4005,PASTAZA,PASTAZA,TNTE. HUGO ORTIZ
4205,PASTAZA,PASTAZA,VERACRUZ
1275,PASTAZA,PASTAZA,EL TRIUNFO
2100,PASTAZA,SANTA CLARA,SAN JOSE
190,TUNGURAHUA,AMBATO,ATAHUALPA / CHIPZALATA
210,TUNGURAHUA,AMBATO,AUGUSTO N MARTINEZ
635,TUNGURAHUA,AMBATO,CONSTANTINO FERNANDEZ
2830,TUNGURAHUA,AMBATO,PICAYHUA
2860,TUNGURAHUA,AMBATO,PILAHUIN
3355,TUNGURAHUA,AMBATO,SAN BARTOLOME
2270,TUNGURAHUA,BAÑOS,LLIGUA
3190,TUNGURAHUA,BAÑOS,RIO NEGRO
3200,TUNGURAHUA,BAÑOS,RIO VERDE
4135,TUNGURAHUA,BAÑOS,ULBA
4555,TUNGURAHUA,MOCHA,PINGUILI
335,TUNGURAHUA,PELILEO,BENITEZ / PACHANLICA
365,TUNGURAHUA,PELILEO,BOLIVAR
675,TUNGURAHUA,PELILEO,COTALO
900,TUNGURAHUA,PELILEO,CHIQUICHA
1185,TUNGURAHUA,PELILEO,EL ROSARIO / RUMICHACA
1320,TUNGURAHUA,PELILEO,GARCIA MORENO
1630,TUNGURAHUA,PELILEO,HUAMBALO
3905,TUNGURAHUA,PELILEO,SALASACA
295,TUNGURAHUA,PILLARO,BAQUERIZO MORENO
1210,TUNGURAHUA,PILLARO,EMILIO MARIA TERAN
2375,TUNGURAHUA,PILLARO,MARCOS ESPINEL
2945,TUNGURAHUA,PILLARO,PRESIDENTE URBINA
3300,TUNGURAHUA,PILLARO,SAN ANDRES
3485,TUNGURAHUA,PILLARO,SAN JOSE DE POALO
3585,TUNGURAHUA,PILLARO,SAN MIGUELITO
1235,ORELLANA,FCO.DE ORELLANA,DAYUMA
1245,ORELLANA,FCO.DE ORELLANA,TARACOA
1995,ORELLANA,FCO.DE ORELLANA,ALEJANDRO LABAKA
1560,ORELLANA,FCO.DE ORELLANA,EL DORADO
1590,ORELLANA,FCO.DE ORELLANA,EL EDEN
1810,ORELLANA,FCO.DE ORELLANA,GARCIA MORENO
1565,ORELLANA,FCO.DE ORELLANA,INES ARANGO
1820,ORELLANA,FCO.DE ORELLANA,LA BELLEZA
1940,ORELLANA,FCO.DE ORELLANA,NUEVO PARAISO
1945,ORELLANA,FCO.DE ORELLANA,SAN JOSE DE GUAYUSA
1935,ORELLANA,FCO.DE ORELLANA,SAN LUIS DE ARMENIA
510,ORELLANA,AGUARICO,CAP. AUGUSTO RIVADENEIRA
3720,ORELLANA,AGUARICO,STA. MARIA DE HUIRRIMA
4295,ORELLANA,AGUARICO,YASUNI
490,ORELLANA,JOYA DE LOS SACHAS,ENOKANQUI
2930,ORELLANA,JOYA DE LOS SACHAS,POMPEYA
415,ORELLANA,JOYA DE LOS SACHAS,SAN CARLOS
3660,ORELLANA,JOYA DE LOS SACHAS,SAN SEBASTIAN DE COCA
1960,ORELLANA,JOYA DE LOS SACHAS,LAGO SAN PEDRO
1950,ORELLANA,JOYA DE LOS SACHAS,RUMIPAMBA
1955,ORELLANA,JOYA DE LOS SACHAS,TRES DE NOVIEMBRE
1965,ORELLANA,JOYA DE LOS SACHAS,UNION MILAGREÑA
215,ORELLANA,LORETO,AVILA
3480,ORELLANA,LORETO,SAN JOSE DE PAYAMINO
1680,ORELLANA,LORETO,SAN JOSE DE DAHUANO
75,STO DGO TSACHILAS,SANTO DOMINGO,ALLURIQUIN
4440,STO DGO TSACHILAS,SANTO DOMINGO,PUERTO LIMON
1755,STO DGO TSACHILAS,SANTO DOMINGO,LUZ DE AMERICA
1970,STO DGO TSACHILAS,SANTO DOMINGO,SAN JACINTO DEL BUA
305,STO DGO TSACHILAS,SANTO DOMINGO,VALLE HERMOSO
1990,STO DGO TSACHILAS,SANTO DOMINGO,EL ESFUERZO
2045,STO DGO TSACHILAS,SANTO DOMINGO,SANTA MARIA DEL TOACHI
4635,STO DGO TSACHILAS,LA CONCORDIA,MONTERREY
4640,STO DGO TSACHILAS,LA CONCORDIA,LA VILLEGAS
4645,STO DGO TSACHILAS,LA CONCORDIA,PLAN PILOTO
0,ISLA,ISLA,ISLA
1255,BOLIVAR,GUARANDA,FACUNDO VELA
1890,BOLIVAR,GUARANDA,JULIO E MORENO
3285,BOLIVAR,GUARANDA,SALINAS
3545,BOLIVAR,GUARANDA,SAN LORENZO
3670,BOLIVAR,GUARANDA,SAN SIMON
3710,BOLIVAR,GUARANDA,SANTA FE
3860,BOLIVAR,GUARANDA,SIMIATUG
795,BOLIVAR,GUARANDA,SAN LUIS DE PAMBIL
3500,BOLIVAR,CHILLANES,SAN JOSE DE TAMBO
170,BOLIVAR,CHIMBO,ASUNCION
2315,BOLIVAR,CHIMBO,MAGDALENA/CHAPACOTO
3655,BOLIVAR,CHIMBO,SAN SEBASTIAN
3995,BOLIVAR,CHIMBO,TELIMBELA
275,BOLIVAR,SAN MIGUEL,BALZAPAMBA
345,BOLIVAR,SAN MIGUEL,BILOVAN
4515,BOLIVAR,SAN MIGUEL,REGULO DE MORA
3595,BOLIVAR,SAN MIGUEL,SAN PABLO DE ATENAS
3775,BOLIVAR,SAN MIGUEL,SANTIAGO
3900,BOLIVAR,SAN MIGUEL,SAN VICENTE
6630,BOLIVAR,GUARANDA,GUANUJO
5035,BOLIVAR,GUARANDA,ANGEL POLIVIO CHAVEZ
5375,BOLIVAR,GUARANDA,GABRIEL I VEINTIMILLA
5975,BOLIVAR,CHIMBO,SAN JOSE DE CHIMBO
5350,BOLIVAR,ECHEANDIA,ECHEANDIA
6340,BOLIVAR,CALUMA,CALUMA / SAN ANTONIO/
6475,BOLIVAR,LAS NAVES,LAS MERCEDES
6470,BOLIVAR,LAS NAVES,LAS NAVES
6425,CAÑAR,DELEG,DELEG
6845,CAÑAR,AZOGUES,AURELIO BAYAS MARTINEZ
5115,CAÑAR,BIBLIAN,BIBLIAN
5160,CAÑAR,CAÑAR,CAÑAR
5610,CAÑAR,LA TRONCAL,LA TRONCAL
6345,CAÑAR,EL TAMBO,EL TAMBO
6715,CAÑAR,SUSCAL,SUSCAL
5065,CAÑAR,AZOGUES,AZOGUES
6790,CAÑAR,AZOGUES,BORRERO
5950,CAÑAR,AZOGUES,SAN FRANCISCO
5010,CHIMBORAZO,ALAUSI,ALAUSI
5475,CHIMBORAZO,CHAMBO,CHAMBO
5255,CHIMBORAZO,CHUNCHI,CHUNCHI
5430,CHIMBORAZO,GUAMOTE,GUAMOTE
6540,CHIMBORAZO,PALLATANGA,PALLATANGA
5740,CHIMBORAZO,PENIPE,PENIPE
6420,CHIMBORAZO,CUMANDA,CUMANDA
5145,CHIMBORAZO,COLTA,CAJABAMBA
6080,CHIMBORAZO,COLTA,SICALPA
5550,CHIMBORAZO,GUANO,LA MATRIZ
5940,COTOPAXI,LATACUNGA,SAN BUENAVENTURA
5500,COTOPAXI,LATACUNGA,JUAN MONTALVO
5310,COTOPAXI,LATACUNGA,ELOY ALFARO / SAN FELIPE
5465,COTOPAXI,LATACUNGA,IGNACIO FLORES
6880,COTOPAXI,LA MANA,EL CARMEN
6535,COTOPAXI,LA MANA,LA MANA
6895,COTOPAXI,LA MANA,EL TRIUNFO
5305,COTOPAXI,PANGUA,EL CORAZON
6070,COTOPAXI,SAQUISILI,SAQUISILI
6450,COTOPAXI,SIGCHOS,SIGCHOS
5045,TUNGURAHUA,AMBATO,ATOCHA FICOA
5605,TUNGURAHUA,AMBATO,LA PENINSULA
5560,TUNGURAHUA,AMBATO,LA MERCED
5945,TUNGURAHUA,AMBATO,SAN FRANCISCO
5445,TUNGURAHUA,AMBATO,HUACHI LORETO
5545,TUNGURAHUA,AMBATO,LA MATRIZ
5455,TUNGURAHUA,AMBATO,HUACHI CHICO
5230,TUNGURAHUA,AMBATO,CELIANO MONGE
5840,TUNGURAHUA,AMBATO,PISHILATA
5105,TUNGURAHUA,BAÑOS,BAÑOS
6555,TUNGURAHUA,CEVALLOS,CEVALLOS
6560,TUNGURAHUA,MOCHA,MOCHA
5830,TUNGURAHUA,PATATE,PATATE
5835,TUNGURAHUA,QUERO,QUERO
5900,TUNGURAHUA,PELILEO,PELILEO GRANDE /R. MINO
5780,TUNGURAHUA,PELILEO,PELILEO
5225,TUNGURAHUA,PILLARO,CIUDAD NUEVA
5515,TUNGURAHUA,TISALEO,TISALEO
5665,MANABI,MONTECRISTI,MONTECRISTI
5755,MANABI,PAJAN,PAJAN
6550,MANABI,PICHINCHA,PICHINCHA /GERMUD
5885,MANABI,ROCAFUERTE,ROCAFUERTE
6030,MANABI,SANTA ANA,SANTA ANA
5580,MANABI,SUCRE,LEONIDAS PLAZA G.
6170,MANABI,TOSAGUA,TOSAGUA
6105,MANABI,24 DE MAYO,SUCRE
6495,MANABI,OLMEDO,OLMEDO /PUCA
6575,MANABI,PUERTO LOPEZ,PUERTO LOPEZ
6750,MANABI,JAMA,JAMA
6755,MANABI,JARAMIJO,JARAMIJO
6785,MANABI,SAN VICENTE,SAN VICENTE
5845,MANABI,PORTOVIEJO,PICOAZA
6770,MANABI,PORTOVIEJO,18 DE OCTUBRE
5280,MANABI,PORTOVIEJO,12 DE MARZO
6585,MANABI,PORTOVIEJO,SAN PABLO
5795,MANABI,PORTOVIEJO,PORTOVIEJO
6775,MANABI,PORTOVIEJO,FRANCISCO PACHECO
6910,MANABI,PORTOVIEJO,SIMON BOLIVAR
5030,MANABI,PORTOVIEJO,ANDRES DE VERA
5265,MANABI,PORTOVIEJO,COLON
5150,MANABI,BOLIVAR,CALCETA
5250,MANABI,CHONE,CHONE
6055,MANABI,CHONE,SANTA RITA
6195,MANABI,EL CARMEN,4 DE DICIEMBRE
5300,MANABI,EL CARMEN,EL CARMEN
5480,MANABI,FLAVIO ALFARO,FLAVIO ALFARO
7465,MANABI,JIPIJAPA,DR. MIGUEL MORAN LUCIO
7475,MANABI,JIPIJAPA,SAN LORENZO DE JIPIJAPA
7470,MANABI,JIPIJAPA,MANUEL INOCENCIO PARRALES
5485,MANABI,JIPIJAPA,JIPIJAPA
5505,MANABI,JUNIN,JUNIN
5635,MANABI,MANTA,MANTA
6135,MANABI,MANTA,SAN MATEO
6155,MANABI,MANTA,TARQUI
6745,MANABI,MANTA,ELOY ALFARO
5570,MANABI,MANTA,LOS ESTEROS
7460,MANABI,MONTECRISTI,ANIBAL SAN ANDRES
7490,MANABI,MONTECRISTI,COLORADO
6725,MANABI,SANTA ANA,LODANA
5095,MANABI,SUCRE,BAHIA DE CARAQUEZ
6835,LOS RIOS,BABAHOYO,EL SALTO
6830,LOS RIOS,BABAHOYO,BARREIRO /SANTA RITA
5215,LOS RIOS,BABAHOYO,CLEMENTE BAQUERIZO
5085,LOS RIOS,BABA,BABA
5640,LOS RIOS,MONTALVO,MONTALVO /SABANETA
5800,LOS RIOS,PUEBLO VIEJO,PUEBLO VIEJO
6645,LOS RIOS,QUEVEDO,NICOLAS INFANTE DIAZ
6640,LOS RIOS,QUEVEDO,VENUS DEL RIO QUEVEDO
6635,LOS RIOS,QUEVEDO,SAN CRISTOBAL
6115,LOS RIOS,QUEVEDO,SAN CAMILO
5855,LOS RIOS,QUEVEDO,QUEVEDO
6660,LOS RIOS,QUEVEDO,VIVA ALFARO
6655,LOS RIOS,QUEVEDO,SIETE DE OCTUBRE
6650,LOS RIOS,QUEVEDO,GUAYACAN
6690,LOS RIOS,QUEVEDO,24 DE MAYO
5185,LOS RIOS,URDANETA,CATARAMA
7480,LOS RIOS,VENTANAS,10 NOVIEMBRE
6235,LOS RIOS,VENTANAS,VENTANAS
6245,LOS RIOS,VINCES,VINCES
6330,LOS RIOS,PALENQUE,PALENQUE
6465,LOS RIOS,BUENA FE,SN JACINTO DE BUENA FE
6685,LOS RIOS,VALENCIA,VALENCIA
6695,LOS RIOS,MOCACHE,MOCACHE
6150,GUAYAS,GUAYAQUIL,TARQUI
6545,GUAYAS,A. BAQUERIZO MORENO,A.BAQUERIZO M /JUJAN
5100,GUAYAS,BALZAR,BALZAR
5365,GUAYAS,COLIMES,COLIMES
5660,GUAYAS,MILAGRO,MILAGRO
5675,GUAYAS,NARANJAL,NARANJAL
5705,GUAYAS,NARANJITO,NARANJITO
5725,GUAYAS,PALESTINA,PALESTINA
5735,GUAYAS,PEDRO CARBO,PEDRO CARBO
5925,GUAYAS,SAMBORONDON,SAMBORONDON
6580,GUAYAS,SANTA LUCIA,SANTA LUCIA
5765,GUAYAS,SALITRE,PARAISO
6285,GUAYAS,YAGUACHI,YAGUACHI NUEVO
6255,GUAYAS,PLAYAS,GRAL. VILLAMIL / PLAYAS
6385,GUAYAS,SIMON BOLIVAR,SIMON BOLIVAR
6410,GUAYAS,CRNL MARCELINO MARIDUENAS,CRNL MARCELINO MARIDUENAS
6440,GUAYAS,LOMAS SARGENTILLO,LOMAS SARGENTILLO
6460,GUAYAS,NOBOL / PIEDRAHITA,NARCISA DE JESUS
6620,GUAYAS,GRAL. A. ELIZALDE,GRAL. ELIZALDE /BUCAY
6710,GUAYAS,ISIDRO AYORA,ISIDRO AYORA
6405,GUAYAS,GUAYAQUIL,PASCUALES
6265,GUAYAS,GUAYAQUIL,XIMENA
5355,GUAYAS,GUAYAQUIL,FEBRES CORDERO
5585,GUAYAS,GUAYAQUIL,LETAMENDI
5380,GUAYAS,GUAYAQUIL,GARCIA MORENO
5055,GUAYAS,GUAYAQUIL,AYACUCHO
5720,GUAYAS,GUAYAQUIL,OLMEDO/SAN ALEJO
5125,GUAYAS,GUAYAQUIL,BOLIVAR/SAGRARIO
5890,GUAYAS,GUAYAQUIL,ROCAFUERTE
5695,GUAYAS,GUAYAQUIL,9 DE OCTUBRE
5880,GUAYAS,GUAYAQUIL,ROCA
5170,GUAYAS,GUAYAQUIL,CARBO/CONCEPCION
6095,GUAYAS,GUAYAQUIL,SUCRE
6185,GUAYAS,GUAYAQUIL,URDANETA
7445,GUAYAS,SAMBORONDON,LA PUNTILLA (SATELITE)
5155,GUAYAS,SALITRE,CANDILEJOS
5200,GUAYAS,SALITRE,SALITRE
5990,GUAYAS,SALITRE,SAN MATEO
5120,GUAYAS,SALITRE,BOCANA
7425,GUAYAS,DAULE,MAGRO
5370,AZUAY,CUENCA,YANUNCAY
5135,AZUAY,CUENCA,EL BATAN
6090,AZUAY,CUENCA,SUCRE
5450,AZUAY,CUENCA,HUAYNACAPAC
6010,AZUAY,CUENCA,SAN SEBASTIAN
5875,AZUAY,CUENCA,RAMIREZ DAVALOS
5905,AZUAY,CUENCA,SAGRARIO
5930,AZUAY,CUENCA,SAN BLAS
5290,AZUAY,CUENCA,MONAY
5360,AZUAY,CUENCA,TOTORACOCHA
5075,AZUAY,CUENCA,BELLAVISTA
6865,AZUAY,CUENCA,HERMANO MIGUEL
5140,AZUAY,CUENCA,MACHANGARA
5395,AZUAY,GIRON,GIRON
5420,AZUAY,GUALACEO,GUALACEO
6435,AZUAY,CHORDELEG,CHORDELEG
6595,AZUAY,NABON,NABON
5775,AZUAY,PAUTE,PAUTE
6615,AZUAY,GUACHAPALA,GUACHAPALA
6485,AZUAY,EL PAN,EL PAN
6480,AZUAY,SEVILLA DE ORO,SEVILLA DE ORO
5690,AZUAY,PUCARA,PUCARA
6565,AZUAY,SAN FERNANDO,SAN FERNANDO
6045,AZUAY,SANTA ISABEL,SANTA ISABEL
6875,AZUAY,CAMILO PONCE ENRIQUEZ,CAMILO PONCE ENRIQUEZ
6085,AZUAY,SIGSIG,SIGSIG
6360,AZUAY,OÑA,OÑA
5040,EL ORO,ARENILLAS,ARENILLAS
5340,EL ORO,EL GUABO,EL GUABO
5850,EL ORO,PORTOVELO,PORTOVELO
6310,EL ORO,ZARUMA,ZARUMA
6795,EL ORO,MACHALA,EL CAMBIO
6490,EL ORO,MACHALA,9 DE MAYO
5805,EL ORO,MACHALA,PUERTO BOLIVAR
5625,EL ORO,MACHALA,MACHALA
7505,EL ORO,MACHALA,JUBONES
5565,EL ORO,MACHALA,LA PROVIDENCIA
7510,EL ORO,MACHALA,JAMBELI
6335,EL ORO,LAS LAJAS,LA VICTORIA/LAS LAJAS
6950,EL ORO,LAS LAJAS,PLATANILLOS
6900,EL ORO,SANTA ROSA,BALNEARIO JAMBELI
6805,EL ORO,HUAQUILLAS,MILTON REYES
6810,EL ORO,HUAQUILLAS,EL PARAISO
6815,EL ORO,HUAQUILLAS,ECUADOR
6800,EL ORO,HUAQUILLAS,HUALTACO
6820,EL ORO,HUAQUILLAS,UNION LOJANA
6670,EL ORO,SANTA ROSA,PUERTO JELI
6985,EL ORO,SANTA ROSA,JUMON
6060,EL ORO,SANTA ROSA,SANTA ROSA
6990,EL ORO,SANTA ROSA,NUEVO SANTA ROSA
5770,EL ORO,PASAJE,OCHOA LEON/MATRIZ
6370,EL ORO,PASAJE,BOLIVAR
6365,EL ORO,PASAJE,LOMA DE FRANCO
6375,EL ORO,PASAJE,TRES CERRITOS
6590,EL ORO,BALSAS,BALSAS
5715,EL ORO,CHILLA,CHILLA
6570,EL ORO,MARCABELI,MARCABELI
6680,EL ORO,PIÑAS,LA SUSAYA
6675,EL ORO,PIÑAS,PIÑAS GRANDE
5790,EL ORO,PIÑAS,PIÑAS
7525,LOJA,LOJA,CARIGAN
6210,LOJA,LOJA,EL VALLE
5320,LOJA,LOJA,EL SAGRARIO
7530,LOJA,LOJA,PUNZARA
6015,LOJA,LOJA,SAN SEBASTIAN
5240,LOJA,CALVAS,CHILE
6025,LOJA,CALVAS,SAN VICENTE
6825,LOJA,CATAMAYO,SAN JOSE
5270,LOJA,CATAMAYO,CATAMAYO
5195,LOJA,CELICA,CELICA
6530,LOJA,CHAGUARPAMBA,CHAGUARPAMBA
5020,LOJA,ESPINDOLA,AMALUZA
5400,LOJA,GONZANAMA,GONZANAMA
5385,LOJA,MACARA,GRAL.ELOY ALFARO
5680,LOJA,MACARA,MACARA
6075,LOJA,SARAGURO,SARAGURO
6120,LOJA,SOZORANGA,SOZORANGA
6320,LOJA,ZAPOTILLO,ZAPOTILLO
5810,LOJA,PINDAL,PINDAL /FEDERICO PAEZ
6260,LOJA,QUILANGA,QUILANGA /LA PAZ
6730,LOJA,OLMEDO,OLMEDO
7520,STO DGO TSACHILAS,LA CONCORDIA,LA CONCORDIA
5730,STO DGO TSACHILAS,SANTO DOMINGO,ABRAHAM CALAZACON
6065,STO DGO TSACHILAS,SANTO DOMINGO,SANTO DOMINGO
6180,STO DGO TSACHILAS,SANTO DOMINGO,ZARACAY
5865,STO DGO TSACHILAS,SANTO DOMINGO,RIO VERDE
6175,STO DGO TSACHILAS,SANTO DOMINGO,CHIGUILPE
5275,GUAYAS,DAULE,DAULE
6390,MORONA SANTIAGO,HUAMBOYA,HUAMBOYA
6700,MORONA SANTIAGO,TAISHA,TAISHA
6735,MORONA SANTIAGO,LOGROÑO,LOGROÑO
6870,MORONA SANTIAGO,PABLO SEXTO,PABLO SEXTO
5655,MORONA SANTIAGO,GUALAQUIZA,MERCEDES MOLINA
7485,ORELLANA,AGUARICO,TIPUTINI
205,SANTA ELENA,SANTA ELENA,ATAHUALPA
605,SANTA ELENA,SANTA ELENA,COLONCHE
820,SANTA ELENA,SANTA ELENA,CHANDUY
2355,SANTA ELENA,SANTA ELENA,MANGLARALTO
3915,SANTA ELENA,SANTA ELENA,SIMON BOLIVAR
1300,SANTA ELENA,SANTA ELENA,SAN JOSE DE ANCON
5130,SANTA ELENA,SANTA ELENA,BALLENITA
6610,SANTA ELENA,LA LIBERTAD,LA LIBERTAD
6270,SANTA ELENA,SALINAS,GRAL. A. E. GALLO
6275,SANTA ELENA,SALINAS,VICENTE ROCAFUERTE
2155,ZAMORA CHINCHIPE,ZAMORA,LA VICTORIA DE IMBANA
2110,ZAMORA CHINCHIPE,CHINCHIPE,SAN ANDRES
4570,ZAMORA CHINCHIPE,NANGARITZA,NUEVO PARAISO
985,ZAMORA CHINCHIPE,YANZATZA,CHICANA
2240,ZAMORA CHINCHIPE,YANZATZA,LOS ENCUENTROS
665,ZAMORA CHINCHIPE,EL PANGUI,EL GUISMI
4600,ZAMORA CHINCHIPE,CENTINELA DEL CONDOR,PANGUINTZA
6355,ZAMORA CHINCHIPE,EL PANGUI,EL PANGUI
6295,ZAMORA CHINCHIPE,YANZATZA,YANZATZA
6305,ZAMORA CHINCHIPE,ZAMORA,ZAMORA
6840,ZAMORA CHINCHIPE,ZAMORA,EL LIMON
6740,ZAMORA CHINCHIPE,PALANDA,PALANDA
30,PICHINCHA,QUITO,ALANGASI
4415,GALAPAGOS,SAN CRISTOBAL,ISLA SANTA MARIA
4165,GALAPAGOS,ISABELA,TOMAS DE BERLANGA
1985,GALAPAGOS,SANTA CRUZ,SANTA ROSA
80,PICHINCHA,QUITO,AMAGUAÑA
430,PICHINCHA,QUITO,CALACALI
440,PICHINCHA,QUITO,CALDERON
625,PICHINCHA,QUITO,CONOCOTO
725,PICHINCHA,QUITO,CUMBAYA
855,PICHINCHA,QUITO,CHAVEZPAMBA
865,PICHINCHA,QUITO,CHECA
3100,PICHINCHA,QUITO,QUINCHE
1400,PICHINCHA,QUITO,GUALEA
1475,PICHINCHA,QUITO,GUAYLLABAMBA
2055,PICHINCHA,QUITO,LA MERCED
2275,PICHINCHA,QUITO,LLOA
2525,PICHINCHA,QUITO,NANEGAL
2530,PICHINCHA,QUITO,NANEGALITO
2560,PICHINCHA,QUITO,NONO
2690,PICHINCHA,QUITO,PACTO
2825,PICHINCHA,QUITO,PERUCHO
2855,PICHINCHA,QUITO,PIFO
2895,PICHINCHA,QUITO,PINTAG
2925,PICHINCHA,QUITO,POMASQUI
2980,PICHINCHA,QUITO,PUELLARO
2985,PICHINCHA,QUITO,PUEMBO
3325,PICHINCHA,QUITO,SAN ANTONIO
3475,PICHINCHA,QUITO,SAN JOSE DE MINAS
3925,PICHINCHA,QUITO,TABABELA
4085,PICHINCHA,QUITO,TUMBACO
4290,PICHINCHA,QUITO,YARUQUI
4325,PICHINCHA,QUITO,ZAMBIZA
165,PICHINCHA,CAYAMBE,ASCAZUBI
2600,PICHINCHA,CAYAMBE,OLMEDO/PESILLO
2635,PICHINCHA,CAYAMBE,OTON
3735,PICHINCHA,CAYAMBE,STA.ROSA DE CUSUBAMBA
4620,PICHINCHA,CAYAMBE,SAN JOSE DE AYORA
55,PICHINCHA,MEJIA,ALOAG
60,PICHINCHA,MEJIA,ALOASI
755,PICHINCHA,MEJIA,CUTUGLAGUA
850,PICHINCHA,MEJIA,CHAUPI
650,PICHINCHA,MEJIA,CORNEJO ASTORGA /TANDAPI
3960,PICHINCHA,MEJIA,TAMBILLO
4155,PICHINCHA,MEJIA,UYUMBICHO
2330,PICHINCHA,PEDRO MONCAYO,MALCHINGUI
5190,PICHINCHA,CAYAMBE,CAYAMBE
5620,PICHINCHA,MEJIA,MACHACHI
5965,PICHINCHA,RUMIÑAHUI,SANGOLQUI
6350,PICHINCHA,SAN MIGUEL DE LOS BANCOS,S. MIGUEL DE LOS BANCOS
6415,PICHINCHA,PEDRO VICENTE MALDONADO,PEDRO VICENTE MALDONADO
6125,PICHINCHA,PUERTO QUITO,PUERTO QUITO
6510,GALAPAGOS,SAN CRISTOBAL,PTO. BAQUERIZO MORENO
6515,GALAPAGOS,ISABELA,PUERTO VILLAMIL
6505,GALAPAGOS,SANTA CRUZ,PUERTO AYORA
7135,PICHINCHA,QUITO,CARCELEN
7160,PICHINCHA,QUITO,EL CONDADO
7145,PICHINCHA,QUITO,COCHAPAMBA
5220,PICHINCHA,QUITO,COTOCOLLAO
7220,PICHINCHA,QUITO,PONCEANO
7150,PICHINCHA,QUITO,COMITE DEL PUEBLO
7185,PICHINCHA,QUITO,KENNEDY
7245,PICHINCHA,QUITO,SAN ISIDRO DEL INCA
7180,PICHINCHA,QUITO,JIPIJAPA
7170,PICHINCHA,QUITO,IÑAQUITO
7215,PICHINCHA,QUITO,MARISCAL SUCRE
7175,PICHINCHA,QUITO,ITCHIMBIA
7195,PICHINCHA,QUITO,LA CONCEPCION
7235,PICHINCHA,QUITO,RUMIPAMBA
7130,PICHINCHA,QUITO,BELISARIO QUEVEDO
7250,PICHINCHA,QUITO,SAN JUAN
5535,PICHINCHA,QUITO,LA LIBERTAD
7140,PICHINCHA,QUITO,CENTRO HISTORICO
7225,PICHINCHA,QUITO,PUENGASI
5015,PICHINCHA,QUITO,CHIMBACALLE
5540,PICHINCHA,QUITO,LA MAGDALENA
7205,PICHINCHA,QUITO,LA FERROVIARIA
7190,PICHINCHA,QUITO,LA ARGELIA
7230,PICHINCHA,QUITO,QUITUMBE
7260,PICHINCHA,QUITO,TURUBAMBA
7165,PICHINCHA,QUITO,GUAMANI
7200,PICHINCHA,QUITO,LA ECUATORIANA
5260,PICHINCHA,QUITO,CHILLOGALLO
7255,PICHINCHA,QUITO,SOLANDA
7210,PICHINCHA,QUITO,LA MENA
7240,PICHINCHA,QUITO,SAN BARTOLO
6600,PICHINCHA,RUMIÑAHUI,SAN RAFAEL
6605,PICHINCHA,RUMIÑAHUI,SAN PEDRO DE TABOADA
7535,PICHINCHA,RUMIÑAHUI,FAJARDO
5495,PICHINCHA,CAYAMBE,JUAN MONTALVO
7155,PICHINCHA,QUITO,CHILIBULO
6780,IMBABURA,IBARRA,LA DOLOROSA DEL PRIORATO
1125,CARCHI,TULCAN,EL CARMELO /EL PUN
1885,CARCHI,TULCAN,JULIO ANDRADE
2340,CARCHI,TULCAN,MALDONADO
2900,CARCHI,TULCAN,PIOTER
4040,CARCHI,TULCAN,TOBAR DONOSO
4070,CARCHI,TULCAN,TUFIÑO
4130,CARCHI,TULCAN,URBINA
1195,CARCHI,TULCAN,EL CHICAL
1765,CARCHI,TULCAN,SANTA MARTHA DE CUBA
1315,CARCHI,BOLIVAR,GARCIA MORENO
2205,CARCHI,BOLIVAR,LOS ANDES
2455,CARCHI,BOLIVAR,MONTEOLIVO
3680,CARCHI,BOLIVAR,SAN VICENTE DE PUSIR
1055,CARCHI,BOLIVAR,SAN RAFAEL
1150,CARCHI,ESPEJO,EL GOALTAL / LAS JUNTAS
2010,CARCHI,MIRA,LA CONCEPCION
1835,CARCHI,MIRA,JIJON Y CAAMAÑO
690,CARCHI,MONTUFAR,CRISTOBAL COLON
910,CARCHI,MONTUFAR,CHITAN DE NAVARRETES
1270,CARCHI,MONTUFAR,FERNANDEZ SALVADOR
2065,CARCHI,MONTUFAR,LA PAZ
250,CARCHI,MONTUFAR,PIARTAL
6520,CARCHI,BOLIVAR,BOLIVAR
5295,CARCHI,ESPEJO,EL ANGEL
5970,CARCHI,MONTUFAR,SAN JOSE
5405,CARCHI,MONTUFAR,GONZALEZ SUAREZ
5415,CARCHI,TULCAN,GONZALEZ SUAREZ
6250,CARCHI,ESPEJO,27 DE SEPTIEMBRE
6165,CARCHI,TULCAN,TULCAN
100,IMBABURA,IBARRA,AMBUQUI / CHOTA
530,IMBABURA,IBARRA,CAROLINA / GUALLUPI
3400,IMBABURA,ANTONIO ANTE,SAN FCO. DE NATABUELA
3465,IMBABURA,ANTONIO ANTE,SAN JOSE DE CHALTURA
1310,IMBABURA,COTACACHI,GARCIA MORENO / LLURIMAGUA
2915,IMBABURA,COTACACHI,PLAZA GUTIERREZ / CALVARIO
3800,IMBABURA,COTACACHI,6 DE JULIO CUELLAJE
1040,IMBABURA,OTAVALO,DR MIGUEL EGAS / PEGUCHE
1360,IMBABURA,OTAVALO,GONZALEZ SUAREZ
2785,IMBABURA,OTAVALO,PATAQUI
3490,IMBABURA,OTAVALO,SAN JOSE DE QUICHINCHE
3525,IMBABURA,OTAVALO,SAN JUAN DE ILUMAN
955,IMBABURA,PIMAMPIRO,CHUGA
425,IMBABURA,URCUQUI,CAHUASQUI
2060,IMBABURA,URCUQUI,LA MERCED DE BUENOS AIRES
2675,IMBABURA,URCUQUI,PABLO ARENAS
3365,IMBABURA,URCUQUI,SAN BLAS
4080,IMBABURA,URCUQUI,TUMBABIRO
6190,IMBABURA,URCUQUI,URCUQUI
5025,IMBABURA,ANTONIO ANTE,ANDRADE MARIN/LOURDES
5165,IMBABURA,IBARRA,CARANQUI
5960,IMBABURA,IBARRA,SAN FRANCISCO
5915,IMBABURA,IBARRA,SAGRARIO
5440,IMBABURA,IBARRA,GUAYAQUIL DE ALPACHACA
5955,IMBABURA,COTACACHI,SAN FRANCISCO
5910,IMBABURA,COTACACHI,SAGRARIO
5980,IMBABURA,OTAVALO,SAN LUIS
5490,IMBABURA,OTAVALO,JORDAN
5750,IMBABURA,PIMAMPIRO,PIMAMPIRO
3000,NAPO,TENA,PUERTO MISAHUALLI
1930,NAPO,TENA,TALAG
1020,NAPO,EL CHACO,GONZALO DIAZ DE PINEDA
3745,NAPO,EL CHACO,SANTA ROSA DE QUIJOS
6160,NAPO,TENA,TENA
5510,NAPO,EL CHACO,EL CHACO
5070,NAPO,ARCHIDONA,ARCHIDONA
6760,NAPO,C.J. AROSEMENA TOLA,CARLOS J. AROSEMENA
450,ESMERALDAS,ESMERALDAS,CAMARONES
655,ESMERALDAS,ESMERALDAS,CRNL.CARLOS CONCHA TORRES
895,ESMERALDAS,ESMERALDAS,CHINCA
2320,ESMERALDAS,ESMERALDAS,MAJUA
3570,ESMERALDAS,ESMERALDAS,SAN MATEO
3930,ESMERALDAS,ESMERALDAS,TABIAZO
3940,ESMERALDAS,ESMERALDAS,TACHINA
4240,ESMERALDAS,ESMERALDAS,VUELTA LARGA
200,ESMERALDAS,ELOY ALFARO,ATAHUALPA/CAMARONES
370,ESMERALDAS,ELOY ALFARO,BORBON
2670,ESMERALDAS,ELOY ALFARO,PAMPANAL DE BOLIVAR
4170,ESMERALDAS,ELOY ALFARO,TELEMBI
1510,ESMERALDAS,ELOY ALFARO,COLON ELOY DE MARIA
1505,ESMERALDAS,ELOY ALFARO,SAN JOSE DE CAYAPAS
1515,ESMERALDAS,ELOY ALFARO,TIMBIRE
4595,ESMERALDAS,ELOY ALFARO,SANTA LUCIA DE LAS PEÑAS
355,ESMERALDAS,MUISNE,BOLIVAR
3280,ESMERALDAS,MUISNE,SALIMA
3470,ESMERALDAS,MUISNE,SAN JOSE DE CHAMANGA
700,ESMERALDAS,QUININDE,CUBE / CHANCAMA
980,ESMERALDAS,QUININDE,CHURA
2345,ESMERALDAS,QUININDE,MALIMPIA / GUAYLLABAMBA
4230,ESMERALDAS,QUININDE,VICHE
1530,ESMERALDAS,QUININDE,LA UNION
70,ESMERALDAS,SAN LORENZO,ALTO TAMBO/GUADAL
110,ESMERALDAS,SAN LORENZO,ANCON/PALMA REAL
435,ESMERALDAS,SAN LORENZO,CALDERON
570,ESMERALDAS,SAN LORENZO,5 DE JUNIO/HUIMBI
620,ESMERALDAS,SAN LORENZO,CONCEPCION
3455,ESMERALDAS,SAN LORENZO,SAN JAVIER DE CACHABI
4075,ESMERALDAS,SAN LORENZO,TULULBI /RICAURTE
2130,ESMERALDAS,ATACAMES,LA UNION
3880,ESMERALDAS,ATACAMES,SUA/BOCANA
4055,ESMERALDAS,ATACAMES,TONCHIGUE
930,ESMERALDAS,RIO VERDE,CHONTADURO
965,ESMERALDAS,RIO VERDE,CHUMUNDE
2035,ESMERALDAS,RIO VERDE,LAGARTO
2445,ESMERALDAS,RIO VERDE,MONTALVO / HORQUETA
3215,ESMERALDAS,RIO VERDE,ROCAFUERTE
5335,ESMERALDAS,ESMERALDAS,ESMERALDAS
6205,ESMERALDAS,ELOY ALFARO,VALDEZ/LIMONES/
5670,ESMERALDAS,MUISNE,MUISNE
5895,ESMERALDAS,QUININDE,ROSA ZARATE
6130,ESMERALDAS,SAN LORENZO,SAN LORENZO
6380,ESMERALDAS,ATACAMES,ATACAMES
6720,ESMERALDAS,RIO VERDE,RIO VERDE
5210,ESMERALDAS,ESMERALDAS,5 DE AGOSTO
6905,ESMERALDAS,ESMERALDAS,SIMON PLATA TORRES
5600,ESMERALDAS,ESMERALDAS,LUIS TELLO / LAS PALMAS /
5205,ESMERALDAS,ESMERALDAS,BARTOLOME RUIZ
1045,SUCUMBIOS,LAGO AGRIO,DURENO
1330,SUCUMBIOS,LAGO AGRIO,GENERAL FARFAN
1285,SUCUMBIOS,LAGO AGRIO,EL ENO
1290,SUCUMBIOS,LAGO AGRIO,PACAYACU
1795,SUCUMBIOS,LAGO AGRIO,JAMBELI
1790,SUCUMBIOS,LAGO AGRIO,SANTA CECILIA
4625,SUCUMBIOS,LAGO AGRIO,10 DE AGOSTO
230,SUCUMBIOS,GONZALO PIZARRO,EL REVENTADOR
1090,SUCUMBIOS,GONZALO PIZARRO,GONZALO PIZARRO
3615,SUCUMBIOS,GONZALO PIZARRO,PUERTO LIBRE
2720,SUCUMBIOS,PUTUMAYO,PALMA ROJA
3005,SUCUMBIOS,PUTUMAYO,PUERTO BOLIVAR
3020,SUCUMBIOS,PUTUMAYO,PUERTO RODRIGUEZ
3705,SUCUMBIOS,PUTUMAYO,SANTA ELENA
4745,SUCUMBIOS,PUTUMAYO,SANSAHUARI
2175,SUCUMBIOS,SHUSHUFINDI,LIMONCOCHA
2765,SUCUMBIOS,SHUSHUFINDI,PANACOCHA
3645,SUCUMBIOS,SHUSHUFINDI,SAN ROQUE
600,SUCUMBIOS,SHUSHUFINDI,SAN PEDRO DE LOS COFANES
780,SUCUMBIOS,SHUSHUFINDI,SIETE DE JULIO
1170,SUCUMBIOS,SUCUMBIOS,EL PLAYON DE SN. FRANCISCO
2095,SUCUMBIOS,SUCUMBIOS,LA SOFIA
3220,SUCUMBIOS,SUCUMBIOS,ROSA FLORIDA
3690,SUCUMBIOS,SUCUMBIOS,SANTA BARBARA
3750,SUCUMBIOS,CASCALES,SANTA ROSA DE SUCUMBIOS
1095,SUCUMBIOS,CASCALES,SEVILLA
9997,SUCUMBIOS,CASCALES,NUEVA TRONCAL
760,SUCUMBIOS,CUYABENO,CUYABENO
1555,SUCUMBIOS,CUYABENO,AGUAS NEGRAS
5710,SUCUMBIOS,LAGO AGRIO,NUEVA LOJA
6300,SUCUMBIOS,GONZALO PIZARRO,LUMBAQUI
6500,SUCUMBIOS,PUTUMAYO,EL CARMEN DE PUTUMAYO
6140,SUCUMBIOS,SHUSHUFINDI,SHUSHUFINDI CENTRAL
5525,SUCUMBIOS,SUCUMBIOS,LA BONITA
6325,SUCUMBIOS,CASCALES,EL DORADO DE CASCALES
6765,SUCUMBIOS,CUYABENO,TARAPOA
5315,CHIMBORAZO,GUANO,EL ROSARIO
705,CHIMBORAZO,RIOBAMBA,CUBIJIES
2160,CHIMBORAZO,RIOBAMBA,LICAN
3035,CHIMBORAZO,RIOBAMBA,PUNGALA
3040,CHIMBORAZO,RIOBAMBA,PUNIN
6220,CHIMBORAZO,RIOBAMBA,VELASCO
5630,CHIMBORAZO,RIOBAMBA,MALDONADO
6230,CHIMBORAZO,RIOBAMBA,VELOZ
6290,CHIMBORAZO,RIOBAMBA,YARUQUIES
5590,CHIMBORAZO,RIOBAMBA,LIZARZABURU
6525,GUAYAS,DURAN,ELOY ALFARO /DURAN
7515,GUAYAS,DURAN,DIVINO NIÑO
7455,GUAYAS,DURAN,EL RECREO
5685,CARCHI,MIRA,MIRA
6040,SANTA ELENA,SANTA ELENA,SANTA ELENA
